Question,Understanding,Emotion,Reasoning,Response
How do Fungi get nutrition?,Low understanding, anxious, deductive,"""Do fungi make their own food like plants do?"""
How do Fungi get nutrition?,Low understanding, anxious, deductive,"""If fungi can't move, maybe they absorb food somehow?"""
How do Fungi get nutrition?,Low understanding, bored, deductive,"""I guess fungi get food from the ground or something."""
How do Fungi get nutrition?,Low understanding, bored, deductive,"""Maybe they eat whatever they're growing on."""
How do Fungi get nutrition?,Low understanding, bored, deductive,"""I don’t know."""
How do Fungi get nutrition?,Low understanding, fed up, deductive,"""Ugh, maybe fungi eat dirt or whatever is around."""
How do Fungi get nutrition?,Low understanding, fed up, deductive,"""They must get nutrition somehow; I don't really care."""
How do Fungi get nutrition?,Low understanding, fatigued, deductive,"""I'm too tired, but maybe fungi absorb food from the soil."""
How do Fungi get nutrition?,Low understanding, fatigued, deductive,"""Probably they feed on stuff nearby; I'm not sure."""
How do Fungi get nutrition?,Low understanding, fatigued, deductive,"""(silent) """
How do Fungi get nutrition?,Low understanding, distressed, deductive,"""I have no idea how fungi eat; this is confusing."""
How do Fungi get nutrition?,Low understanding, distressed, deductive,"""If they aren't plants, then how do they get food?"""
How do Fungi get nutrition?,Low understanding, engaged, deductive,"""Since fungi aren't plants, they must get food differently."""
How do Fungi get nutrition?,Low understanding, engaged, deductive,"""Maybe fungi absorb nutrients because they can't photosynthesize."""
How do Fungi get nutrition?,Low understanding, anxious, inductive,"""I've seen fungi on trees; do they eat the wood?"""
How do Fungi get nutrition?,Low understanding, anxious, inductive,"""Fungi grow on old food; maybe they feed on that?"""
How do Fungi get nutrition?,Low understanding, bored, inductive,"""Fungi are on rotten stuff, so they probably eat it."""
How do Fungi get nutrition?,Low understanding, bored, inductive,"""They grow on moldy bread; guess they like bread."""
How do Fungi get nutrition?,Low understanding, bored, inductive,"""(silent)"""
How do Fungi get nutrition?,Low understanding, fed up, inductive,"""Whatever, fungi are on dead things, so they eat those."""
How do Fungi get nutrition?,Low understanding, fed up, inductive,"""I've seen them on logs; they must eat wood."""
How do Fungi get nutrition?,Low understanding, fed up, inductive,"""I don’t know"""
How do Fungi get nutrition?,Low understanding, fatigued, inductive,"""Fungi are on dead plants; maybe they eat them."""
How do Fungi get nutrition?,Low understanding, fatigued, inductive,"""Too tired to think; they probably feed on what’s near them."""
How do Fungi get nutrition?,Low understanding, distressed, inductive,"""I can't figure it out; fungi grow on stuff, so maybe they eat it."""
How do Fungi get nutrition?,Low understanding, distressed, inductive,"""This is hard; do fungi consume what they grow on?"""
How do Fungi get nutrition?,Low understanding, engaged, inductive,"""Fungi grow on decaying things; they might get nutrients from them."""
How do Fungi get nutrition?,Low understanding, engaged, inductive,"""Seeing fungi on logs, perhaps they absorb food from the wood."""
How do Fungi get nutrition?,Low understanding, anxious, analogical,"""Are fungi like animals that eat food?"""
How do Fungi get nutrition?,Low understanding, anxious, analogical,"""Maybe fungi are like sponges, soaking up nutrients?"""
How do Fungi get nutrition?,Low understanding, bored, analogical,"""Fungi are like mold; they just grow on stuff."""
How do Fungi get nutrition?,Low understanding, bored, analogical,"""They're like parasites feeding off whatever they're on."""
How do Fungi get nutrition?,Low understanding, bored, analogical,"""(silent)"""
How do Fungi get nutrition?,Low understanding, fed up, analogical,"""Fungi are like leeches, maybe they suck nutrients."""
How do Fungi get nutrition?,Low understanding, fed up, analogical,"""I don't care; fungi are like moss, they just exist."""
How do Fungi get nutrition?,Low understanding, fatigued, analogical,"""Fungi might be like sponges, absorbing things."""
How do Fungi get nutrition?,Low understanding, fatigued, analogical,"""Too sleepy; maybe fungi eat like animals do."""
How do Fungi get nutrition?,Low understanding, fatigued, analogical,"""(silent)"""
How do Fungi get nutrition?,Low understanding, distressed, analogical,"""Fungi could be like thieves, taking nutrients from others."""
How do Fungi get nutrition?,Low understanding, distressed, analogical,"""This is stressful; are fungi like animals that eat?"""
How do Fungi get nutrition?,Low understanding, engaged, analogical,"""Fungi are like decomposers, breaking down dead stuff."""
How do Fungi get nutrition?,Low understanding, engaged, analogical,"""They're like recyclers, turning waste into food."""
How do Fungi get nutrition?,Medium understanding, anxious, deductive,"""Since fungi can't photosynthesize, they absorb nutrients from elsewhere."""
How do Fungi get nutrition?,Medium understanding, anxious, deductive,"""They lack chlorophyll, so they must get food differently."""
How do Fungi get nutrition?,Medium understanding, bored, deductive,"""Maybe fungi break down material to get nutrients."""
How do Fungi get nutrition?,Medium understanding, bored, deductive,"""They absorb food because they can't make it themselves."""
How do Fungi get nutrition?,Medium understanding, fed up, deductive,"""They decompose things for food; can we move on?"""
How do Fungi get nutrition?,Medium understanding, fed up, deductive,"""Fungi eat dead stuff because they can't photosynthesize."""
How do Fungi get nutrition?,Medium understanding, fatigued, deductive,"""Fungi get nutrients by breaking down matter; I'm too tired."""
How do Fungi get nutrition?,Medium understanding, fatigued, deductive,"""They absorb from decaying stuff since they can't make food."""
How do Fungi get nutrition?,Medium understanding, distressed, deductive,"""I think fungi decompose things to eat; it's confusing."""
How do Fungi get nutrition?,Medium understanding, distressed, deductive,"""They must get food from surroundings; this is hard."""
How do Fungi get nutrition?,Medium understanding, engaged, deductive,"""Fungi get nutrients by decomposing stuff because they lack chlorophyll."""
How do Fungi get nutrition?,Medium understanding, engaged, deductive,"""Since they aren't plants, fungi absorb nutrients from dead things."""
How do Fungi get nutrition?,Medium understanding, anxious, inductive,"""Fungi grow on dead logs; they must get food from them too."""
How do Fungi get nutrition?,Medium understanding, anxious, inductive,"""Seeing fungi on decay, they probably absorb nutrients there."""
How do Fungi get nutrition?,Medium understanding, bored, inductive,"""Fungi are on old leaves, so they eat dead stuff."""
How do Fungi get nutrition?,Medium understanding, bored, inductive,"""Don’t they grow where things rot; that's how they get food."""
How do Fungi get nutrition?,Medium understanding, fed up, inductive,"""Aren’t fungi are found on decay? so they must feed on it."""
How do Fungi get nutrition?,Medium understanding, fed up, inductive,"""They grow on dead things; it's obvious they eat them."""
How do Fungi get nutrition?,Medium understanding, fatigued, inductive,"""Fungi on compost suggest they eat decaying material."""
How do Fungi get nutrition?,Medium understanding, fatigued, inductive,"""They feed on rotting wood; too tired to explain more."""
How do Fungi get nutrition?,Medium understanding, distressed, inductive,"""I'm confused, but fungi seem to eat what they grow on."""
How do Fungi get nutrition?,Medium understanding, distressed, inductive,"""Maybe fungi absorb nutrients from the dead matter they're on."""
How do Fungi get nutrition?,Medium understanding, engaged, inductive,"""Since fungi grow on dead plants, they get nutrients from them."""
How do Fungi get nutrition?,Medium understanding, engaged, inductive,"""Observing fungi on decay, they likely absorb nutrients there."""
How do Fungi get nutrition?,Medium understanding, anxious, analogical,"""Fungi are like recyclers, feeding on dead material."""
How do Fungi get nutrition?,Medium understanding, anxious, analogical,"""Maybe they're like decomposers, breaking down stuff to eat."""
How do Fungi get nutrition?,Medium understanding, bored, analogical,"""Fungi are like sponges soaking up nutrients."""
How do Fungi get nutrition?,Medium understanding, bored, analogical,"""They're like cleaners, feeding on waste."""
How do Fungi get nutrition?,Medium understanding, bored, analogical,"""(silent)"""
How do Fungi get nutrition?,Medium understanding, fed up, analogical,"""Fungi are like garbage disposals; they eat junk."""
How do Fungi get nutrition?,Medium understanding, fed up, analogical,"""They're nature's recyclers; can we stop now?"""
How do Fungi get nutrition?,Medium understanding, fatigued, analogical,"""Fungi act like decomposers, feeding off dead things."""
How do Fungi get nutrition?,Medium understanding, fatigued, analogical,"""Too tired; think of fungi as absorbers."""
How do Fungi get nutrition?,Medium understanding, fatigued, analogical,“I don’t know”
How do Fungi get nutrition?,Medium understanding, distressed, analogical,"""Fungi are like parasites on dead stuff; they feed off it."""
How do Fungi get nutrition?,Medium understanding, distressed, analogical,"""This is tough; maybe fungi are like saprophytes."""
How do Fungi get nutrition?,Medium understanding, engaged, analogical,"""Fungi are nature's recyclers, getting food from dead matter."""
How do Fungi get nutrition?,Medium understanding, engaged, analogical,"""They're like decomposers, absorbing nutrients from decay."""
How do Fungi get nutrition?,High understanding, anxious, deductive,"""Fungi secrete enzymes to decompose matter and absorb nutrients."""
How do Fungi get nutrition?,High understanding, anxious, deductive,"""Since they lack chlorophyll, fungi digest externally to feed."""
How do Fungi get nutrition?,High understanding, bored, deductive,"""They break down material outside and absorb it."""
How do Fungi get nutrition?,High understanding, bored, deductive,"""Fungi get nutrition by external digestion."""
How do Fungi get nutrition?,High understanding, fed up, deductive,"""Fungi digest food externally; can we move on?"""
How do Fungi get nutrition?,High understanding, fed up, deductive,"""They secrete enzymes and absorb nutrients; enough said."""
How do Fungi get nutrition?,High understanding, fatigued, deductive,"""Fungi decompose matter and absorb nutrients; I'm tired."""
How do Fungi get nutrition?,High understanding, fatigued, deductive,"""They feed by external digestion and absorption."""
How do Fungi get nutrition?,High understanding, distressed, deductive,"""Fungi obtain nutrition through extracellular digestion; hope that's right."""
How do Fungi get nutrition?,High understanding, distressed, deductive,"""They secrete enzymes to break down food; this is stressful."""
How do Fungi get nutrition?,High understanding, engaged, deductive,"""Fungi feed by releasing enzymes to decompose matter externally."""
How do Fungi get nutrition?,High understanding, engaged, deductive,"""They digest outside their bodies and absorb nutrients."""
How do Fungi get nutrition?,High understanding, anxious, inductive,"""Fungi decompose logs; they must secrete enzymes to eat."""
How do Fungi get nutrition?,High understanding, anxious, inductive,"""Growing on dead plants suggests they absorb nutrients from decay."""
How do Fungi get nutrition?,High understanding, bored, inductive,"""Fungi are on decaying matter; they digest it for food."""
How do Fungi get nutrition?,High understanding, bored, inductive,"""They grow where things rot, so they get nutrition there."""
How do Fungi get nutrition?,High understanding, fed up, inductive,"""Fungi decompose stuff to feed; can we stop?"""
How do Fungi get nutrition?,High understanding, fed up, inductive,"""They absorb nutrients from decay; let's move on."""
How do Fungi get nutrition?,High understanding, fatigued, inductive,"""Fungi on dead wood digest it externally for food."""
How do Fungi get nutrition?,High understanding, fatigued, inductive,"""They feed on decaying matter; too tired to elaborate."""
How do Fungi get nutrition?,High understanding, distressed, inductive,"""Fungi break down leaves to absorb nutrients."""
How do Fungi get nutrition?,High understanding, distressed, inductive,"""This is hard; fungi decompose stuff to get food."""
How do Fungi get nutrition?,High understanding, engaged, inductive,"""Observing fungi on compost, they secrete enzymes to feed."""
How do Fungi get nutrition?,High understanding, engaged, inductive,"""They grow on decay, indicating external digestion for nutrition."""
How do Fungi get nutrition?,High understanding, anxious, analogical,"""Fungi are like external stomachs, digesting food outside."""
How do Fungi get nutrition?,High understanding, anxious, analogical,"""Maybe fungi act like saprophytes, feeding on dead stuff."""
How do Fungi get nutrition?,High understanding, bored, analogical,"""Fungi are recyclers, breaking down dead things."""
How do Fungi get nutrition?,High understanding, bored, analogical,"""They're nature's decomposers, feeding on waste."""
How do Fungi get nutrition?,High understanding, fed up, analogical,"""Fungi are like enzymes with legs; can we be done?"""
How do Fungi get nutrition?,High understanding, fed up, analogical,"""They're external digesters; let's finish this."""
How do Fungi get nutrition?,High understanding, fatigued, analogical,"""Fungi are like stomachs outside the body."""
How do Fungi get nutrition?,High understanding, fatigued, analogical,"""Think of fungi as decomposers feeding on dead matter."""
How do Fungi get nutrition?,High understanding, distressed, analogical,"""Fungi are sponges soaking up nutrients after decomposition."""
How do Fungi get nutrition?,High understanding, distressed, analogical,"""This is stressful; fungi act like external digesters."""
How do Fungi get nutrition?,High understanding, engaged, analogical,"""Fungi are nature's recyclers, turning dead matter into nutrients."""
How do Fungi get nutrition?,High understanding, engaged, analogical,"""They're like decomposers, absorbing food from broken-down material."""
How do Fungi reproduce?,Low understanding, anxious, deductive,"""Do fungi split apart to make more of themselves?"""
How do Fungi reproduce?,Low understanding, anxious, deductive,"""If fungi can't move, how do they reproduce new fungi?"""
How do Fungi reproduce?,Low understanding, bored, deductive,"""I guess fungi just grow more fungi somehow."""
How do Fungi reproduce?,Low understanding, bored, deductive,"""Maybe they split apart to make new ones."""
How do Fungi reproduce?,Low understanding, fed up, deductive,"""Ugh, fungi probably reproduce by spreading or whatever."""
How do Fungi reproduce?,Low understanding, fed up, deductive,"""They make more fungi; I don't really care how."""
How do Fungi reproduce?,Low understanding, fed up, deductive,"“(silent)"""
How do Fungi reproduce?,Low understanding, fatigued, deductive,"""I'm too tired, but maybe fungi grow to make more fungi."""
How do Fungi reproduce?,Low understanding, fatigued, deductive,"""Probably they reproduce by making copies of themselves."""
How do Fungi reproduce?,Low understanding, distressed, deductive,"""I have no idea how fungi reproduce; this is confusing."""
How do Fungi reproduce?,Low understanding, distressed, deductive,"""If they're not plants, then how do they make more fungi?"""
How do Fungi reproduce?,Low understanding, engaged, deductive,"""Since fungi aren't animals, they must reproduce differently."""
How do Fungi reproduce?,Low understanding, engaged, deductive,"""Maybe fungi release spores to create new fungi."""
How do Fungi reproduce?,Low understanding, anxious, inductive,"""I've seen mushrooms pop up overnight; do fungi reproduce fast?"""
How do Fungi reproduce?,Low understanding, anxious, inductive,"""Fungi appear after rain; maybe moisture helps them reproduce?"""
How do Fungi reproduce?,Low understanding, anxious, inductive,"""I don’t know."""
How do Fungi reproduce?,Low understanding, bored, inductive,"""Fungi just show up, so they must grow somehow."""
How do Fungi reproduce?,Low understanding, bored, inductive,"""They appear on old stuff; guess they spread that way."""
How do Fungi reproduce?,Low understanding, fed up, inductive,"""Whatever, fungi are on dead things, so they reproduce there."""
How do Fungi reproduce?,Low understanding, fed up, inductive,"""I've seen them spread on logs; they must grow that way."""
How do Fungi reproduce?,Low understanding, fatigued, inductive,"""Fungi grow on dead plants; maybe that's how they reproduce."""
How do Fungi reproduce?,Low understanding, fatigued, inductive,"""Too tired to think; they probably spread on decay."""
How do Fungi reproduce?,Low understanding, distressed, inductive,"""I can't figure it out; fungi just seem to appear."""
How do Fungi reproduce?,Low understanding, distressed, inductive,"""This is hard; do fungi grow where they land?"""
How do Fungi reproduce?,Low understanding, engaged, inductive,"""Fungi grow on decaying things; they might reproduce there."""
How do Fungi reproduce?,Low understanding, engaged, inductive,"""Seeing fungi spread on logs, perhaps that's how they multiply."""
How do Fungi reproduce?,Low understanding, anxious, analogical,"""Are fungi like plants that spread seeds to reproduce?"""
How do Fungi reproduce?,Low understanding, anxious, analogical,"""Maybe fungi are like mold, growing to make more."""
How do Fungi reproduce?,Low understanding, bored, analogical,"""Fungi are like mold; they just keep spreading."""
How do Fungi reproduce?,Low understanding, bored, analogical,"""They're like weeds, popping up everywhere."""
How do Fungi reproduce?,Low understanding, fed up, analogical,"""Fungi are like bacteria, they just multiply."""
How do Fungi reproduce?,Low understanding, fed up, analogical,"""I don't care; fungi are like moss, they grow anywhere."""
How do Fungi reproduce?,Low understanding, fatigued, analogical,"""Fungi might be like sponges, expanding to reproduce."""
How do Fungi reproduce?,Low understanding, fatigued, analogical,"""Too sleepy; maybe fungi spread like vines do."""
How do Fungi reproduce?,Low understanding, distressed, analogical,"""Fungi could be like viruses, spreading quickly."""
How do Fungi reproduce?,Low understanding, distressed, analogical,"""This is stressful; are fungi like seeds that grow?"""
How do Fungi reproduce?,Low understanding, engaged, analogical,"""Fungi are like dandelions, maybe they release spores to reproduce."""
How do Fungi reproduce?,Low understanding, engaged, analogical,"""They're like balloons releasing confetti to make new fungi."""
How do Fungi reproduce?,Medium understanding, anxious, deductive,"""Since fungi can't move, they must reproduce by releasing spores."""
How do Fungi reproduce?,Medium understanding, anxious, deductive,"""They lack seeds, so fungi might spread differently."""
How do Fungi reproduce?,Medium understanding, bored, deductive,"""Fungi produce spores to make new fungi."""
How do Fungi reproduce?,Medium understanding, bored, deductive,"""They reproduce by spreading tiny particles."""
How do Fungi reproduce?,Medium understanding, bored, deductive,"“I don’t know."""
How do Fungi reproduce?,Medium understanding, fed up, deductive,"""They release spores for reproduction; can we move on?"""
How do Fungi reproduce?,Medium understanding, fed up, deductive,"""Fungi make new fungi by spreading spores."""
How do Fungi reproduce?,Medium understanding, fatigued, deductive,"""Fungi release spores to reproduce; I'm too tired."""
How do Fungi reproduce?,Medium understanding, fatigued, deductive,"""They reproduce by sending out spores into the air."""
How do Fungi reproduce?,Medium understanding, distressed, deductive,"""I think fungi produce spores to reproduce; it's confusing."""
How do Fungi reproduce?,Medium understanding, distressed, deductive,"""They must release something to make new fungi; this is hard."""
How do Fungi reproduce?,Medium understanding, engaged, deductive,"""Fungi reproduce by releasing spores into the environment."""
How do Fungi reproduce?,Medium understanding, engaged, deductive,"""Since they can't move, fungi spread through spores."""
How do Fungi reproduce?,Medium understanding, anxious, inductive,"""Fungi grow after rain; they must spread spores then."""
How do Fungi reproduce?,Medium understanding, anxious, inductive,"""Seeing mushrooms pop up, they probably reproduce quickly."""
How do Fungi reproduce?,Medium understanding, bored, inductive,"""Fungi are on old logs; they spread there to reproduce."""
How do Fungi reproduce?,Medium understanding, bored, inductive,"""They grow where things rot; that's how they multiply."""
How do Fungi reproduce?,Medium understanding, fed up, inductive,"""Fungi spread on decay, so they reproduce there."""
How do Fungi reproduce?,Medium understanding, fed up, inductive,"""They grow on dead things; it's obvious they reproduce that way."""
How do Fungi reproduce?,Medium understanding, fatigued, inductive,"""Fungi on compost suggest they reproduce there."""
How do Fungi reproduce?,Medium understanding, fatigued, inductive,"""They spread on rotting wood; too tired to explain more."""
How do Fungi reproduce?,Medium understanding, fatigued, inductive,"""I don’t know."""
How do Fungi reproduce?,Medium understanding, distressed, inductive,"""I'm confused, but fungi seem to reproduce where they grow."""
How do Fungi reproduce?,Medium understanding, distressed, inductive,"""Maybe fungi spread by releasing spores into the air."""
How do Fungi reproduce?,Medium understanding, engaged, inductive,"""Since fungi grow on dead plants, they reproduce by spreading there."""
How do Fungi reproduce?,Medium understanding, engaged, inductive,"""Observing fungi spread on decay, they likely reproduce that way."""
How do Fungi reproduce?,Medium understanding, anxious, analogical,"""Fungi are like plants releasing spores to reproduce."""
How do Fungi reproduce?,Medium understanding, anxious, analogical,"""Maybe they're like dandelions, spreading seeds in the wind."""
How do Fungi reproduce?,Medium understanding, bored, analogical,"""Fungi are like mold, they just keep spreading."""
How do Fungi reproduce?,Medium understanding, bored, analogical,"""They're like weeds, reproducing everywhere."""
How do Fungi reproduce?,Medium understanding, fed up, analogical,"""Fungi are like germs; they multiply fast."""
How do Fungi reproduce?,Medium understanding, fed up, analogical,"""They're nature's spreaders; can we stop now?"""
How do Fungi reproduce?,Medium understanding, fatigued, analogical,"""Fungi act like seeds, spreading to grow new ones."""
How do Fungi reproduce?,Medium understanding, fatigued, analogical,"""Too tired; think of fungi as spores floating around."""
How do Fungi reproduce?,Medium understanding, distressed, analogical,"""Fungi are like pollen, spreading to reproduce."""
How do Fungi reproduce?,Medium understanding, distressed, analogical,"""This is tough; maybe fungi are like spores in the air."""
How do Fungi reproduce?,Medium understanding, engaged, analogical,"""Fungi are like plants that release spores to make new fungi."""
How do Fungi reproduce?,Medium understanding, engaged, analogical,"""They're like puffballs releasing spores when touched."""
How do Fungi reproduce?,High understanding, anxious, deductive,"""Fungi reproduce by releasing spores formed through mitosis or meiosis."""
How do Fungi reproduce?,High understanding, anxious, deductive,"""Since they lack seeds, fungi produce spores for reproduction."""
How do Fungi reproduce?,High understanding, bored, deductive,"""They reproduce sexually or asexually by producing spores."""
How do Fungi reproduce?,High understanding, bored, deductive,"""Fungi release spores to make new fungi."""
How do Fungi reproduce?,High understanding, fed up, deductive,"""Fungi produce spores; can we move on?"""
How do Fungi reproduce?,High understanding, fed up, deductive,"""They reproduce by spore formation; enough said."""
How do Fungi reproduce?,High understanding, fatigued, deductive,"""Fungi release spores for reproduction; I'm tired."""
How do Fungi reproduce?,High understanding, fatigued, deductive,"""They reproduce through spore generation and dispersal."""
How do Fungi reproduce?,High understanding, distressed, deductive,"""Fungi reproduce via spores through complex life cycles."""
How do Fungi reproduce?,High understanding, distressed, deductive,"""They form spores to reproduce; hope that's right."""
How do Fungi reproduce?,High understanding, engaged, deductive,"""Fungi reproduce by generating spores, either sexually or asexually."""
How do Fungi reproduce?,High understanding, engaged, deductive,"""They release spores into the environment to form new fungi."""
How do Fungi reproduce?,High understanding, anxious, inductive,"""Fungi appear after rain; they must release spores then."""
How do Fungi reproduce?,High understanding, anxious, inductive,"""Seeing mushrooms spread quickly, they probably reproduce via spores."""
How do Fungi reproduce?,High understanding, bored, inductive,"""Fungi grow on decaying matter; they spread spores there."""
How do Fungi reproduce?,High understanding, bored, inductive,"""They appear where things rot, so they reproduce that way."""
How do Fungi reproduce?,High understanding, fed up, inductive,"""Fungi release spores to reproduce; can we stop?"""
How do Fungi reproduce?,High understanding, fed up, inductive,"""They spread spores from decay; let's move on."""
How do Fungi reproduce?,High understanding, fatigued, inductive,"""Fungi on dead wood release spores to reproduce."""
How do Fungi reproduce?,High understanding, fatigued, inductive,"""They reproduce by spreading spores; too tired to elaborate."""
How do Fungi reproduce?,High understanding, distressed, inductive,"""Fungi release spores from mushrooms to make more."""
How do Fungi reproduce?,High understanding, distressed, inductive,"""This is hard; fungi reproduce by spore dispersal."""
How do Fungi reproduce?,High understanding, engaged, inductive,"""Observing fungi release spores, they reproduce that way."""
How do Fungi reproduce?,High understanding, engaged, inductive,"""They grow and spread by dispersing spores into the air."""
How do Fungi reproduce?,High understanding, anxious, analogical,"""Fungi are like puffballs releasing spores to reproduce."""
How do Fungi reproduce?,High understanding, anxious, analogical,"""Maybe fungi act like plants dispersing seeds in the wind."""
How do Fungi reproduce?,High understanding, bored, analogical,"""Fungi are nature's spore machines, spreading everywhere."""
How do Fungi reproduce?,High understanding, bored, analogical,"""They're like dandelions, releasing spores to reproduce."""
How do Fungi reproduce?,High understanding, fed up, analogical,"""Fungi are like factories pumping out spores; can we be done?"""
How do Fungi reproduce?,High understanding, fed up, analogical,"""They're spore spreaders; let's finish this."""
How do Fungi reproduce?,High understanding, fatigued, analogical,"""Fungi are like balloons releasing spores into the air."""
How do Fungi reproduce?,High understanding, fatigued, analogical,"""Think of fungi as plants spreading seeds to reproduce."""
How do Fungi reproduce?,High understanding, distressed, analogical,"""Fungi are spore clouds spreading to make new fungi."""
How do Fungi reproduce?,High understanding, distressed, analogical,"""This is stressful; fungi act like seed dispersers."""
How do Fungi reproduce?,High understanding, engaged, analogical,"""Fungi are like dandelions, releasing spores to grow new fungi."""
How do Fungi reproduce?,High understanding, engaged, analogical,"""They're nature's spore launchers, spreading to reproduce."""
How can you graph a line?,Low understanding, anxious, deductive,"""Do I need to plot points to graph a line?"""
How can you graph a line?,Low understanding, anxious, deductive,"""If I have an equation, how do I draw the line?"""
How can you graph a line?,Low understanding, bored, deductive,"""I guess you just draw a straight line on the graph."""
How can you graph a line?,Low understanding, bored, deductive,"""Maybe you connect some points to make the line."""
How can you graph a line?,Low understanding, bored, deductive,"""(silent)"""
How can you graph a line?,Low understanding, fed up, deductive,"""Ugh, can't I just draw a line and be done?"""
How can you graph a line?,Low understanding, fed up, deductive,"""I don't know, you graph it somehow."""
How can you graph a line?,Low understanding, fatigued, deductive,"""I'm too tired, but maybe you plot some points."""
How can you graph a line?,Low understanding, fatigued, deductive,"""Probably you need coordinates to graph the line."""
How can you graph a line?,Low understanding, fatigued, deductive,"""I don’t know."""
How can you graph a line?,Low understanding, distressed, deductive,"""I have no idea how to graph a line; this is hard."""
How can you graph a line?,Low understanding, distressed, deductive,"""If I can't solve the equation, how do I draw it?"""
How can you graph a line?,Low understanding, engaged, deductive,"""Since lines have equations, maybe I can plot points from it."""
How can you graph a line?,Low understanding, engaged, deductive,"""I think you use the slope and intercept to graph the line."""
How can you graph a line?,Low understanding, anxious, inductive,"""I've seen lines on graphs; maybe you need a start and an end?"""
How can you graph a line?,Low understanding, anxious, inductive,"""Lines go straight; do I just draw using a ruler?"""
How can you graph a line?,Low understanding, bored, inductive,"""Lines are straight, so you just draw them on the graph."""
How can you graph a line?,Low understanding, bored, inductive,"""You put some points and connect them."""
How can you graph a line?,Low understanding, fed up, inductive,"""Whatever, you just draw a line on the graph."""
How can you graph a line?,Low understanding, fed up, inductive,"""I've seen people plot lines; can't we move on?"""
How can you graph a line?,Low understanding, fatigued, inductive,"""Lines are straight; maybe you draw them across the graph."""
How can you graph a line?,Low understanding, fatigued, inductive,"""Too tired; you probably need some points."""
How can you graph a line?,Low understanding, fatigued, inductive,"""I don’t know."""
How can you graph a line?,Low understanding, distressed, inductive,"""I can't figure out how to graph a line."""
How can you graph a line?,Low understanding, distressed, inductive,"""This is confusing; do I need to plot something first?"""
How can you graph a line?,Low understanding, engaged, inductive,"""I've seen people plot points and draw a line through them."""
How can you graph a line?,Low understanding, engaged, inductive,"""Maybe if I find two points, I can graph the line."""
How can you graph a line?,Low understanding, anxious, analogical,"""Is graphing a line like connecting dots on a map?"""
How can you graph a line?,Low understanding, anxious, analogical,"""Maybe it's like drawing a path between two points?"""
How can you graph a line?,Low understanding, bored, analogical,"""Graphing a line is like drawing a straight road."""
How can you graph a line?,Low understanding, bored, analogical,"""It's like drawing a line with a ruler on paper."""
How can you graph a line?,Low understanding, fed up, analogical,"""Graphing a line is like drawing any line; it's simple."""
How can you graph a line?,Low understanding, fed up, analogical,"""It's just like doodling a line; can we stop now?"""
How can you graph a line?,Low understanding, fatigued, analogical,"""It's like drawing a line on a chalkboard."""
How can you graph a line?,Low understanding, fatigued, analogical,"""Too sleepy; maybe it's like drawing a stick."""
How can you graph a line?,Low understanding, fatigued, analogical,"""(silent)"""
How can you graph a line?,Low understanding, distressed, analogical,"""Is graphing a line like trying to balance on a beam?"""
How can you graph a line?,Low understanding, distressed, analogical,"""This is hard; maybe it's like drawing a tightrope."""
How can you graph a line?,Low understanding, engaged, analogical,"""Graphing a line is like connecting two points with a ruler."""
How can you graph a line?,Low understanding, engaged, analogical,"""It's like drawing a straight line between two places."""
How can you graph a line?,Medium understanding, anxious, deductive,"""If I use the slope and y-intercept, can I graph the line?"""
How can you graph a line?,Medium understanding, anxious, deductive,"""Knowing the equation, I can plot the line, right?"""
How can you graph a line?,Medium understanding, bored, deductive,"""You graph a line using its equation."""
How can you graph a line?,Medium understanding, bored, deductive,"""Just plot the y-intercept and use the slope."""
How can you graph a line?,Medium understanding, fed up, deductive,"""Find the slope and intercept; can we move on?"""
How can you graph a line?,Medium understanding, fed up, deductive,"""Graphing a line involves using its formula."""
How can you graph a line?,Medium understanding, fatigued, deductive,"""Plot the y-intercept and use the slope; I'm tired."""
How can you graph a line?,Medium understanding, fatigued, deductive,"""You graph it using the line's equation."""
How can you graph a line?,Medium understanding, distressed, deductive,"""I think you use slope-intercept form, but I'm not sure."""
How can you graph a line?,Medium understanding, distressed, deductive,"""You need the equation to graph it; this is hard."""
How can you graph a line?,Medium understanding, engaged, deductive,"""To graph a line, plot the y-intercept and follow the slope."""
How can you graph a line?,Medium understanding, engaged, deductive,"""Using y = mx + b, I can draw the line on the graph."""
How can you graph a line?,Medium understanding, anxious, inductive,"""I've seen lines graphed using points; maybe that's how."""
How can you graph a line?,Medium understanding, anxious, inductive,"""If I know two points, I can draw the line between them?"""
How can you graph a line?,Medium understanding, bored, inductive,"""You can plot two points and connect them."""
How can you graph a line?,Medium understanding, bored, inductive,"""Graphing a line involves drawing it through plotted points."""
How can you graph a line?,Medium understanding, bored, inductive,"""(silent)"""
How can you graph a line?,Medium understanding, fed up, inductive,"""Just plot points and draw the line; can we stop?"""
How can you graph a line?,Medium understanding, fed up, inductive,"""You see the pattern and graph the line accordingly."""
How can you graph a line?,Medium understanding, fed up, inductive,"""I don’t know."""
How can you graph a line?,Medium understanding, fatigued, inductive,"""Plotting points and connecting them graphs the line."""
How can you graph a line?,Medium understanding, fatigued, inductive,"""Too tired; you use points to draw the line."""
How can you graph a line?,Medium understanding, distressed, inductive,"""Maybe I can find some points to graph the line."""
How can you graph a line?,Medium understanding, distressed, inductive,"""I'm confused; do I plot points from the equation?"""
How can you graph a line?,Medium understanding, engaged, inductive,"""By calculating coordinates, I can plot them and draw the line."""
How can you graph a line?,Medium understanding, engaged, inductive,"""If I substitute x-values into the equation, I get points to plot."""
How can you graph a line?,Medium understanding, anxious, analogical,"""Graphing a line is like following a recipe with steps."""
How can you graph a line?,Medium understanding, anxious, analogical,"""Maybe it's like tracing a path on a map."""
How can you graph a line?,Medium understanding, bored, analogical,"""It's like drawing a straight path between two spots."""
How can you graph a line?,Medium understanding, bored, analogical,"""Graphing a line is like connecting dots."""
How can you graph a line?,Medium understanding, fed up, analogical,"""Graphing a line is like drawing a line; can we move on?"""
How can you graph a line?,Medium understanding, fed up, analogical,"""It's like drawing a simple straight line; that's it."""
How can you graph a line?,Medium understanding, fed up, analogical,"""I don’t know."""
How can you graph a line?,Medium understanding, fatigued, analogical,"""It's like plotting points and connecting them with a ruler."""
How can you graph a line?,Medium understanding, fatigued, analogical,"""Think of it as drawing a line through dots."""
How can you graph a line?,Medium understanding, fatigued, analogical,"""(silent)"""
How can you graph a line?,Medium understanding, distressed, analogical,"""Is it like trying to find the shortest route?"""
How can you graph a line?,Medium understanding, distressed, analogical,"""This is tough; maybe it's like drawing a straight road."""
How can you graph a line?,Medium understanding, engaged, analogical,"""Graphing a line is like building a bridge between points."""
How can you graph a line?,Medium understanding, engaged, analogical,"""It's like drawing a path that follows a specific direction."""
How can you graph a line?,High understanding, anxious, deductive,"""Using y = mx + b, I plot the intercept and use the slope."""
How can you graph a line?,High understanding, anxious, deductive,"""I can graph the line by plotting points from the equation."""
How can you graph a line?,High understanding, bored, deductive,"""Graph the y-intercept and use the slope to draw the line."""
How can you graph a line?,High understanding, bored, deductive,"""You use the equation to plot the line."""
How can you graph a line?,High understanding, fed up, deductive,"""You graph it using the slope and intercept; can we stop?"""
How can you graph a line?,High understanding, fed up, deductive,"""Plot the intercept, follow the slope; enough already."""
How can you graph a line?,High understanding, fatigued, deductive,"""Plot y-intercept, use slope to draw the line; I'm tired."""
How can you graph a line?,High understanding, fatigued, deductive,"""You graph it by applying the line's equation."""
How can you graph a line?,High understanding, distressed, deductive,"""I use the equation to find points, but it's complicated."""
How can you graph a line?,High understanding, distressed, deductive,"""Graphing involves plotting points from y = mx + b; it's hard."""
How can you graph a line?,High understanding, engaged, deductive,"""To graph a line, I plot the y-intercept and use the slope."""
How can you graph a line?,High understanding, engaged, deductive,"""Using the equation, I calculate points and draw the line."""
How can you graph a line?,High understanding, anxious, inductive,"""By finding points that satisfy the equation, I can graph the line."""
How can you graph a line?,High understanding, anxious, inductive,"""If I plot multiple points from the equation, they form the line."""
How can you graph a line?,High understanding, bored, inductive,"""You calculate points and connect them to make the line."""
How can you graph a line?,High understanding, bored, inductive,"""Plotting points that fit the equation graphs the line."""
How can you graph a line?,High understanding, fed up, inductive,"""Just plot points from the equation and draw the line."""
How can you graph a line?,High understanding, fed up, inductive,"""Find points, connect them; can we be done?"""
How can you graph a line?,High understanding, fatigued, inductive,"""I calculate points, plot them, and draw the line; too tired."""
How can you graph a line?,High understanding, fatigued, inductive,"""Using x-values to find y, I plot points for the line."""
How can you graph a line?,High understanding, distressed, inductive,"""I can graph it by finding points, but it's confusing."""
How can you graph a line?,High understanding, distressed, inductive,"""Plotting points from the equation helps, but it's hard."""
How can you graph a line?,High understanding, engaged, inductive,"""By substituting x-values, I get points to plot and draw the line."""
How can you graph a line?,High understanding, engaged, inductive,"""I can graph the line by connecting points from the equation."""
How can you graph a line?,High understanding, anxious, analogical,"""Graphing a line is like following a set of instructions."""
How can you graph a line?,High understanding, anxious, analogical,"""Maybe it's like connecting dots according to a rule."""
How can you graph a line?,High understanding, bored, analogical,"""It's like drawing a straight line following a formula."""
How can you graph a line?,High understanding, bored, analogical,"""Graphing a line is like plotting a path on a grid."""
How can you graph a line?,High understanding, fed up, analogical,"""Graphing a line is like drawing any line; can we finish?"""
How can you graph a line?,High understanding, fed up, analogical,"""It's like connecting points; let's move on."""
How can you graph a line?,High understanding, fatigued, analogical,"""It's like plotting points and drawing through them; I'm tired."""
How can you graph a line?,High understanding, fatigued, analogical,"""Think of it as drawing a line by following a recipe."""
How can you graph a line?,High understanding, distressed, analogical,"""Graphing a line is like assembling a puzzle; it's tricky."""
How can you graph a line?,High understanding, distressed, analogical,"""This is stressful; maybe it's like navigating a route."""
How can you graph a line?,High understanding, engaged, analogical,"""Graphing a line is like drawing a precise path based on rules."""
How can you graph a line?,High understanding, engaged, analogical,"""It's like following directions to connect points accurately."""
How would you tell how many squares are in the red border of a 3x3 shape?,Low understanding, anxious, deductive,"""Do I need to count all the squares around the edges?"""
How would you tell how many squares are in the red border of a 3x3 shape?,Low understanding, anxious, deductive,"""If it's 3x3, maybe the border is 3 times something?"""
How would you tell how many squares are in the red border of a 3x3 shape?,Low understanding, bored, deductive,"""I guess you just count the squares around the outside."""
How would you tell how many squares are in the red border of a 3x3 shape?,Low understanding, bored, deductive,"""Maybe the border squares equal the perimeter."""
How would you tell how many squares are in the red border of a 3x3 shape?,Low understanding, bored, deductive,"""(silent)"""
How would you tell how many squares are in the red border of a 3x3 shape?,Low understanding, fed up, deductive,"""Ugh, just count the squares on the outside and be done."""
How would you tell how many squares are in the red border of a 3x3 shape?,Low understanding, fed up, deductive,"""I don't know, maybe it's just the total minus the middle."""
How would you tell how many squares are in the red border of a 3x3 shape?,Low understanding, fed up, deductive,"""I don’t know."""
How would you tell how many squares are in the red border of a 3x3 shape?,Low understanding, fatigued, deductive,"""I'm too tired; maybe the border is the outer squares only."""
How would you tell how many squares are in the red border of a 3x3 shape?,Low understanding, fatigued, deductive,"""Probably just count all squares except the center one."""
How would you tell how many squares are in the red border of a 3x3 shape?,Low understanding, distressed, deductive,"""I don't understand how to count the border squares."""
How would you tell how many squares are in the red border of a 3x3 shape?,Low understanding, distressed, deductive,"""If it's 3x3, how many squares are on the border?"""
How would you tell how many squares are in the red border of a 3x3 shape?,Low understanding, engaged, deductive,"""Since it's 3x3, perhaps the border is all squares minus the middle one."""
How would you tell how many squares are in the red border of a 3x3 shape?,Low understanding, engaged, deductive,"""Maybe the total squares are 9, so border squares are 8?"""
How would you tell how many squares are in the red border of a 3x3 shape?,Low understanding, anxious, inductive,"""I've seen grids; do I just count the outer squares?"""
How would you tell how many squares are in the red border of a 3x3 shape?,Low understanding, anxious, inductive,"""Maybe the border has 8 squares since the center isn't counted?"""
How would you tell how many squares are in the red border of a 3x3 shape?,Low understanding, bored, inductive,"""Borders are always around; so maybe it's 8 squares."""
How would you tell how many squares are in the red border of a 3x3 shape?,Low understanding, bored, inductive,"""I think the border squares are the outer ones."""
How would you tell how many squares are in the red border of a 3x3 shape?,Low understanding, bored, inductive,"""(silent)"""
How would you tell how many squares are in the red border of a 3x3 shape?,Low understanding, fed up, inductive,"""Whatever, the border probably has 8 squares."""
How would you tell how many squares are in the red border of a 3x3 shape?,Low understanding, fed up, inductive,"""I've seen grids; the border is the outside squares."""
How would you tell how many squares are in the red border of a 3x3 shape?,Low understanding, fed up, inductive,"""I don’t know."""
How would you tell how many squares are in the red border of a 3x3 shape?,Low understanding, fatigued, inductive,"""Too tired; maybe the border has 8 squares."""
How would you tell how many squares are in the red border of a 3x3 shape?,Low understanding, fatigued, inductive,"""I guess you just don't count the middle square."""
How would you tell how many squares are in the red border of a 3x3 shape?,Low understanding, distressed, inductive,"""I can't figure out how many squares are in the border."""
How would you tell how many squares are in the red border of a 3x3 shape?,Low understanding, distressed, inductive,"""This is confusing; is it all squares minus the center one?"""
How would you tell how many squares are in the red border of a 3x3 shape?,Low understanding, engaged, inductive,"""In a 3x3 grid, maybe the border has 8 squares."""
How would you tell how many squares are in the red border of a 3x3 shape?,Low understanding, engaged, inductive,"""I think if we don't count the middle, we get the border squares."""
How would you tell how many squares are in the red border of a 3x3 shape?,Low understanding, anxious, analogical,"""Is counting border squares like peeling an onion layer?"""
How would you tell how many squares are in the red border of a 3x3 shape?,Low understanding, anxious, analogical,"""Maybe it's like taking off the middle piece?"""
How would you tell how many squares are in the red border of a 3x3 shape?,Low understanding, bored, analogical,"""Counting border squares is like trimming the crust off bread."""
How would you tell how many squares are in the red border of a 3x3 shape?,Low understanding, bored, analogical,"""It's like taking the edges of a puzzle."""
How would you tell how many squares are in the red border of a 3x3 shape?,Low understanding, bored, analogical,"""I don’t know."""
How would you tell how many squares are in the red border of a 3x3 shape?,Low understanding, fed up, analogical,"""It's like eating the outer part of a cake; whatever."""
How would you tell how many squares are in the red border of a 3x3 shape?,Low understanding, fed up, analogical,"""I don't care; counting border squares is like ignoring the center."""
How would you tell how many squares are in the red border of a 3x3 shape?,Low understanding, fed up, analogical,"""(silent)"""
How would you tell how many squares are in the red border of a 3x3 shape?,Low understanding, fatigued, analogical,"""It's like wrapping a gift; the border is the wrapping."""
How would you tell how many squares are in the red border of a 3x3 shape?,Low understanding, fatigued, analogical,"""Too sleepy; maybe it's like the frame of a picture."""
How would you tell how many squares are in the red border of a 3x3 shape?,Low understanding, distressed, analogical,"""Is it like removing the core of an apple to get the border?"""
How would you tell how many squares are in the red border of a 3x3 shape?,Low understanding, distressed, analogical,"""This is hard; maybe it's like outlining a drawing."""
How would you tell how many squares are in the red border of a 3x3 shape?,Low understanding, engaged, analogical,"""Counting border squares is like finding the fence around a yard."""
How would you tell how many squares are in the red border of a 3x3 shape?,Low understanding, engaged, analogical,"""It's like the outer ring of a target."""
How would you tell how many squares are in the red border of a 3x3 shape?,Medium understanding, anxious, deductive,"""Since it's a 3x3 grid, total squares are 9; border squares are 8?"""
How would you tell how many squares are in the red border of a 3x3 shape?,Medium understanding, anxious, deductive,"""If I subtract the center square, I get the border squares."""
How would you tell how many squares are in the red border of a 3x3 shape?,Medium understanding, bored, deductive,"""You just take total squares and subtract the center one."""
How would you tell how many squares are in the red border of a 3x3 shape?,Medium understanding, bored, deductive,"""Border squares are 9 minus 1 equals 8."""
How would you tell how many squares are in the red border of a 3x3 shape?,Medium understanding, fed up, deductive,"""The border has 8 squares; can we move on?"""
How would you tell how many squares are in the red border of a 3x3 shape?,Medium understanding, fed up, deductive,"""It's 9 squares total, minus the center one; simple."""
How would you tell how many squares are in the red border of a 3x3 shape?,Medium understanding, fed up, deductive,"""(silent)"""
How would you tell how many squares are in the red border of a 3x3 shape?,Medium understanding, fatigued, deductive,"""Border squares are total squares minus center; I'm tired."""
How would you tell how many squares are in the red border of a 3x3 shape?,Medium understanding, fatigued, deductive,"""So 9 minus 1 equals 8 border squares."""
How would you tell how many squares are in the red border of a 3x3 shape?,Medium understanding, distressed, deductive,"""I think it's 8 squares, but not sure if that's right."""
How would you tell how many squares are in the red border of a 3x3 shape?,Medium understanding, distressed, deductive,"""We have 9 squares; subtract the middle one for the border?"""
How would you tell how many squares are in the red border of a 3x3 shape?,Medium understanding, engaged, deductive,"""To find border squares, subtract the center square from total squares."""
How would you tell how many squares are in the red border of a 3x3 shape?,Medium understanding, engaged, deductive,"""So in a 3x3 grid, border squares are 9 minus 1 equals 8."""
How would you tell how many squares are in the red border of a 3x3 shape?,Medium understanding, anxious, inductive,"""I've noticed borders are the outer squares; maybe there are 8."""
How would you tell how many squares are in the red border of a 3x3 shape?,Medium understanding, anxious, inductive,"""In other grids, the border seems to be the perimeter squares."""
How would you tell how many squares are in the red border of a 3x3 shape?,Medium understanding, bored, inductive,"""Borders usually have more squares in bigger grids."""
How would you tell how many squares are in the red border of a 3x3 shape?,Medium understanding, bored, inductive,"""I think the 3x3 border has 8 squares, like the outer layer."""
How would you tell how many squares are in the red border of a 3x3 shape?,Medium understanding, bored, inductive,"""Not sure."""
How would you tell how many squares are in the red border of a 3x3 shape?,Medium understanding, fed up, inductive,"""It's obvious; the border has 8 squares."""
How would you tell how many squares are in the red border of a 3x3 shape?,Medium understanding, fed up, inductive,"""Just like in other grids, the border is the outside squares."""
How would you tell how many squares are in the red border of a 3x3 shape?,Medium understanding, fatigued, inductive,"""In a 3x3 grid, the border seems to be 8 squares."""
How would you tell how many squares are in the red border of a 3x3 shape?,Medium understanding, fatigued, inductive,"""Too tired; border squares are the ones around the edge."""
How would you tell how many squares are in the red border of a 3x3 shape?,Medium understanding, distressed, inductive,"""I think the border has 8 squares, but I'm not sure."""
How would you tell how many squares are in the red border of a 3x3 shape?,Medium understanding, distressed, inductive,"""In other grids, the border is the outer squares; is that right here?"""
How would you tell how many squares are in the red border of a 3x3 shape?,Medium understanding, engaged, inductive,"""Looking at the grid, the border appears to have 8 squares."""
How would you tell how many squares are in the red border of a 3x3 shape?,Medium understanding, engaged, inductive,"""By counting the outer squares, the border totals 8."""
How would you tell how many squares are in the red border of a 3x3 shape?,Medium understanding, anxious, analogical,"""Counting border squares is like counting fence posts around a yard."""
How would you tell how many squares are in the red border of a 3x3 shape?,Medium understanding, anxious, analogical,"""Maybe it's like the crust around a pie."""
How would you tell how many squares are in the red border of a 3x3 shape?,Medium understanding, bored, analogical,"""It's like the frame around a picture; the border is the edge."""
How would you tell how many squares are in the red border of a 3x3 shape?,Medium understanding, bored, analogical,"""Counting border squares is like counting the sides of a box."""
How would you tell how many squares are in the red border of a 3x3 shape?,Medium understanding, bored, analogical,"""I’m not sure."""
How would you tell how many squares are in the red border of a 3x3 shape?,Medium understanding, fed up, analogical,"""It's like the outer layer of an onion; can we stop now?"""
How would you tell how many squares are in the red border of a 3x3 shape?,Medium understanding, fed up, analogical,"""Counting the border is like counting the crust; let's move on."""
How would you tell how many squares are in the red border of a 3x3 shape?,Medium understanding, fatigued, analogical,"""It's like the edge pieces in a puzzle; I'm tired."""
How would you tell how many squares are in the red border of a 3x3 shape?,Medium understanding, fatigued, analogical,"""Think of it as the outline; that's the border squares."""
How would you tell how many squares are in the red border of a 3x3 shape?,Medium understanding, distressed, analogical,"""Is it like the rim of a wheel? This is confusing."""
How would you tell how many squares are in the red border of a 3x3 shape?,Medium understanding, distressed, analogical,"""Maybe it's like the outer shell of something."""
How would you tell how many squares are in the red border of a 3x3 shape?,Medium understanding, engaged, analogical,"""Counting border squares is like finding the perimeter fence."""
How would you tell how many squares are in the red border of a 3x3 shape?,Medium understanding, engaged, analogical,"""It's like the outer ring in a dartboard."""
How would you tell how many squares are in the red border of a 3x3 shape?,High understanding, anxious, deductive,"""Border squares are perimeter squares: 2*(3+3)-4 equals 8 squares."""
How would you tell how many squares are in the red border of a 3x3 shape?,High understanding, anxious, deductive,"""Since corners are counted once, total border squares are 8."""
How would you tell how many squares are in the red border of a 3x3 shape?,High understanding, bored, deductive,"""You calculate the perimeter squares; in 3x3, it's 8 squares."""
How would you tell how many squares are in the red border of a 3x3 shape?,High understanding, bored, deductive,"""Border squares are 2 times (length plus width) minus 4."""
How would you tell how many squares are in the red border of a 3x3 shape?,High understanding, fed up, deductive,"""Border squares are 8; calculated by perimeter formula."""
How would you tell how many squares are in the red border of a 3x3 shape?,High understanding, fed up, deductive,"""It's simple math; border squares equal 8."""
How would you tell how many squares are in the red border of a 3x3 shape?,High understanding, fatigued, deductive,"""Total squares minus inner squares equals border squares; I'm tired."""
How would you tell how many squares are in the red border of a 3x3 shape?,High understanding, fatigued, deductive,"""9 total minus 1 center equals 8 border squares."""
How would you tell how many squares are in the red border of a 3x3 shape?,High understanding, distressed, deductive,"""I know it's 8 squares, but this is stressful."""
How would you tell how many squares are in the red border of a 3x3 shape?,High understanding, distressed, deductive,"""Border is perimeter squares; calculated as 2*(3+3)-4=8."""
How would you tell how many squares are in the red border of a 3x3 shape?,High understanding, engaged, deductive,"""Border squares are the perimeter; so 2*(length+width)-4."""
How would you tell how many squares are in the red border of a 3x3 shape?,High understanding, engaged, deductive,"""In a 3x3 grid, border squares are 2*(3+3)-4 equals 8."""
How would you tell how many squares are in the red border of a 3x3 shape?,High understanding, anxious, inductive,"""Noticing patterns, a 3x3 border has 8 squares."""
How would you tell how many squares are in the red border of a 3x3 shape?,High understanding, anxious, inductive,"""From previous grids, borders are perimeter squares."""
How would you tell how many squares are in the red border of a 3x3 shape?,High understanding, bored, inductive,"""Borders have 8 squares in 3x3 grids; it's a pattern."""
How would you tell how many squares are in the red border of a 3x3 shape?,High understanding, bored, inductive,"""I've seen that border squares are the outer ones, totaling 8."""
How would you tell how many squares are in the red border of a 3x3 shape?,High understanding, fed up, inductive,"""It's always 8 squares for 3x3 borders; can we be done?"""
How would you tell how many squares are in the red border of a 3x3 shape?,High understanding, fed up, inductive,"""Borders follow a pattern; in 3x3, it's 8 squares."""
How would you tell how many squares are in the red border of a 3x3 shape?,High understanding, fatigued, inductive,"""By observing, 3x3 borders have 8 squares; I'm tired."""
How would you tell how many squares are in the red border of a 3x3 shape?,High understanding, fatigued, inductive,"""Noticing the outer squares total 8 in a 3x3 grid."""
How would you tell how many squares are in the red border of a 3x3 shape?,High understanding, distressed, inductive,"""I see the border has 8 squares, but this is confusing."""
How would you tell how many squares are in the red border of a 3x3 shape?,High understanding, distressed, inductive,"""From examples, the border seems to have 8 squares."""
How would you tell how many squares are in the red border of a 3x3 shape?,High understanding, engaged, inductive,"""By counting the outer squares, the border has 8 squares."""
How would you tell how many squares are in the red border of a 3x3 shape?,High understanding, engaged, inductive,"""Observing the grid, the border totals 8 squares."""
How would you tell how many squares are in the red border of a 3x3 shape?,High understanding, anxious, analogical,"""Counting border squares is like measuring the fence around a square garden."""
How would you tell how many squares are in the red border of a 3x3 shape?,High understanding, anxious, analogical,"""Maybe it's like the outer ring in a target."""
How would you tell how many squares are in the red border of a 3x3 shape?,High understanding, bored, analogical,"""It's like counting the edges of a square picture frame."""
How would you tell how many squares are in the red border of a 3x3 shape?,High understanding, bored, analogical,"""Graphically, the border is like the frame around an image."""
How would you tell how many squares are in the red border of a 3x3 shape?,High understanding, fed up, analogical,"""Counting border squares is like counting crust pieces; can we stop?"""
How would you tell how many squares are in the red border of a 3x3 shape?,High understanding, fed up, analogical,"""It's like the outer layer; let's move on."""
How would you tell how many squares are in the red border of a 3x3 shape?,High understanding, fatigued, analogical,"""It's like the perimeter of a square; I'm tired."""
How would you tell how many squares are in the red border of a 3x3 shape?,High understanding, fatigued, analogical,"""Think of it as the border of a field."""
How would you tell how many squares are in the red border of a 3x3 shape?,High understanding, distressed, analogical,"""Is it like the outline of a shape? This is hard."""
How would you tell how many squares are in the red border of a 3x3 shape?,High understanding, distressed, analogical,"""Counting border squares is like finding the edges; confusing."""
How would you tell how many squares are in the red border of a 3x3 shape?,High understanding, engaged, analogical,"""Counting border squares is like measuring the fence around a field."""
How would you tell how many squares are in the red border of a 3x3 shape?,High understanding, engaged, analogical,"""It's like calculating the frame needed for a picture."""
What could make the tanker car implode?,Low understanding, anxious, deductive,"""Did the tanker implode because the air inside was removed?"""
What could make the tanker car implode?,Low understanding, anxious, deductive,"""If there was a vacuum inside, could that make it collapse?"""
What could make the tanker car implode?,Low understanding, bored, deductive,"""Maybe the tanker collapsed due to air pressure changes."""
What could make the tanker car implode?,Low understanding, bored, deductive,"""I guess it imploded because of something with pressure."""
What could make the tanker car implode?,Low understanding, bored, deductive,"""(silent)"""
What could make the tanker car implode?,Low understanding, fed up, deductive,"""Ugh, the tanker probably imploded because of pressure differences."""
What could make the tanker car implode?,Low understanding, fed up, deductive,"""It collapsed; I don't really know why."""
What could make the tanker car implode?,Low understanding, fed up, deductive,"""I don’t know."""
What could make the tanker car implode?,Low understanding, fatigued, deductive,"""I'm too tired, but maybe the tanker lost air pressure."""
What could make the tanker car implode?,Low understanding, fatigued, deductive,"""Probably it imploded due to some pressure issue."""
What could make the tanker car implode?,Low understanding, fatigued, deductive,"""(silent)"""
What could make the tanker car implode?,Low understanding, distressed, deductive,"""I don't understand how the tanker imploded; this is confusing."""
What could make the tanker car implode?,Low understanding, distressed, deductive,"""If the air inside changed, could that cause it to collapse?"""
What could make the tanker car implode?,Low understanding, engaged, deductive,"""Since the tanker imploded, maybe the inside pressure decreased suddenly."""
What could make the tanker car implode?,Low understanding, engaged, deductive,"""Perhaps removing air from inside caused the tanker to collapse."""
What could make the tanker car implode?,Low understanding, anxious, inductive,"""I've seen cans crush when air is removed; did that happen to the tanker?"""
What could make the tanker car implode?,Low understanding, anxious, inductive,"""If you suck out air, things collapse; is that why?"""
What could make the tanker car implode?,Low understanding, bored, inductive,"""Things implode when pressure changes; maybe that's why the tanker did."""
What could make the tanker car implode?,Low understanding, bored, inductive,"""I've seen stuff crush under pressure; same thing here?"""
What could make the tanker car implode?,Low understanding, fed up, inductive,"""Whatever, the tanker imploded like a can does."""
What could make the tanker car implode?,Low understanding, fed up, inductive,"""It collapsed probably because of pressure; can we move on?"""
What could make the tanker car implode?,Low understanding, fatigued, inductive,"""Too tired; maybe the tanker imploded like a crushed bottle."""
What could make the tanker car implode?,Low understanding, fatigued, inductive,"""I've seen things collapse when air is gone."""
What could make the tanker car implode?,Low understanding, fatigued, inductive,"""(silent)"""
What could make the tanker car implode?,Low understanding, distressed, inductive,"""I can't figure out why the tanker imploded."""
What could make the tanker car implode?,Low understanding, distressed, inductive,"""This is hard; did it collapse like a vacuum-packed thing?"""
What could make the tanker car implode?,Low understanding, engaged, inductive,"""Seeing cans crush when cooled, maybe the tanker imploded similarly."""
What could make the tanker car implode?,Low understanding, engaged, inductive,"""If pressure outside is greater, objects can implode; perhaps that's why."""
What could make the tanker car implode?,Low understanding, anxious, analogical,"""Is the tanker like a soda can that gets crushed?"""
What could make the tanker car implode?,Low understanding, anxious, analogical,"""Maybe it imploded like a bottle when air is sucked out?"""
What could make the tanker car implode?,Low understanding, bored, analogical,"""The tanker imploded like a can being squished."""
What could make the tanker car implode?,Low understanding, bored, analogical,"""It's like when a balloon deflates and collapses."""
What could make the tanker car implode?,Low understanding, fed up, analogical,"""It's like crushing a can; that's why it imploded."""
What could make the tanker car implode?,Low understanding, fed up, analogical,"""I don't care; the tanker collapsed like anything else."""
What could make the tanker car implode?,Low understanding, fed up, analogical,"""I don’t know."""
What could make the tanker car implode?,Low understanding, fatigued, analogical,"""It's like a bottle collapsing when air is removed."""
What could make the tanker car implode?,Low understanding, fatigued, analogical,"""Too sleepy; maybe it's like a deflating balloon."""
What could make the tanker car implode?,Low understanding, distressed, analogical,"""Is it like a can crushing under pressure? I'm confused."""
What could make the tanker car implode?,Low understanding, distressed, analogical,"""This is stressful; maybe it's like a vacuum effect."""
What could make the tanker car implode?,Low understanding, engaged, analogical,"""The tanker imploded like a soda can in cold water."""
What could make the tanker car implode?,Low understanding, engaged, analogical,"""It's similar to a vacuum-sealed bag shrinking."""
What could make the tanker car implode?,Medium understanding, anxious, deductive,"""If the tanker's internal pressure dropped, external pressure could crush it."""
What could make the tanker car implode?,Medium understanding, anxious, deductive,"""A sudden decrease inside might cause it to implode due to higher outside pressure."""
What could make the tanker car implode?,Medium understanding, bored, deductive,"""The tanker imploded because internal pressure was less than external pressure."""
What could make the tanker car implode?,Medium understanding, bored, deductive,"""It collapsed due to a pressure difference."""
What could make the tanker car implode?,Medium understanding, bored, deductive,"""(silent)"""
What could make the tanker car implode?,Medium understanding, fed up, deductive,"""The pressure inside dropped, causing implosion; can we move on?"""
What could make the tanker car implode?,Medium understanding, fed up, deductive,"""It imploded because outside pressure crushed it."""
What could make the tanker car implode?,Medium understanding, fatigued, deductive,"""Internal pressure decreased, so the tanker collapsed; I'm tired."""
What could make the tanker car implode?,Medium understanding, fatigued, deductive,"""It imploded due to higher external pressure."""
What could make the tanker car implode?,Medium understanding, distressed, deductive,"""I think it imploded because of pressure imbalance, but it's confusing."""
What could make the tanker car implode?,Medium understanding, distressed, deductive,"""The tanker collapsed due to pressure differences; this is hard."""
What could make the tanker car implode?,Medium understanding, engaged, deductive,"""The tanker imploded because external pressure exceeded internal pressure."""
What could make the tanker car implode?,Medium understanding, engaged, deductive,"""Removing air inside caused a pressure difference leading to implosion."""
What could make the tanker car implode?,Medium understanding, anxious, inductive,"""I've seen cans crush when cooled; the tanker might have done the same."""
What could make the tanker car implode?,Medium understanding, anxious, inductive,"""If steam inside condensed, pressure dropped, causing implosion?"""
What could make the tanker car implode?,Medium understanding, bored, inductive,"""Objects implode when internal pressure drops; probably happened here."""
What could make the tanker car implode?,Medium understanding, bored, inductive,"""The tanker collapsed like crushed cans due to pressure change."""
What could make the tanker car implode?,Medium understanding, fed up, inductive,"""It's obvious; the tanker imploded like any object with low internal pressure."""
What could make the tanker car implode?,Medium understanding, fed up, inductive,"""Seen it before; pressure drops inside, things collapse."""
What could make the tanker car implode?,Medium understanding, fatigued, inductive,"""Tanker imploded like a can in cold water; I'm tired."""
What could make the tanker car implode?,Medium understanding, fatigued, inductive,"""When pressure inside drops, objects implode; that's what happened."""
What could make the tanker car implode?,Medium understanding, distressed, inductive,"""I think the tanker collapsed due to pressure change, but not sure."""
What could make the tanker car implode?,Medium understanding, distressed, inductive,"""It imploded like objects do when internal pressure is less."""
What could make the tanker car implode?,Medium understanding, engaged, inductive,"""Seeing cans crush when cooled, the tanker likely imploded similarly."""
What could make the tanker car implode?,Medium understanding, engaged, inductive,"""Condensation inside reduced pressure, causing the tanker to implode."""
What could make the tanker car implode?,Medium understanding, anxious, analogical,"""The tanker is like a soda can that crushes when air is removed."""
What could make the tanker car implode?,Medium understanding, anxious, analogical,"""Maybe it's like a sealed bottle collapsing under pressure."""
What could make the tanker car implode?,Medium understanding, bored, analogical,"""It's like when a can gets crushed; same idea."""
What could make the tanker car implode?,Medium understanding, bored, analogical,"""The tanker imploded like a vacuum-packed container."""
What could make the tanker car implode?,Medium understanding, fed up, analogical,"""It's like crushing a can; can we stop now?"""
What could make the tanker car implode?,Medium understanding, fed up, analogical,"""The tanker collapsed like any object under pressure difference."""
What could make the tanker car implode?,Medium understanding, fed up, analogical,"""(silent)"""
What could make the tanker car implode?,Medium understanding, fatigued, analogical,"""Think of the tanker as a can imploding; I'm tired."""
What could make the tanker car implode?,Medium understanding, fatigued, analogical,"""It's like a bottle collapsing when air is sucked out."""
What could make the tanker car implode?,Medium understanding, fatigued, analogical,"""Not sure."""
What could make the tanker car implode?,Medium understanding, distressed, analogical,"""Is it like a can crushing under pressure? This is confusing."""
What could make the tanker car implode?,Medium understanding, distressed, analogical,"""Maybe the tanker acted like a vacuum-sealed bag shrinking."""
What could make the tanker car implode?,Medium understanding, engaged, analogical,"""The tanker imploded like a can cooled after boiling water inside."""
What could make the tanker car implode?,Medium understanding, engaged, analogical,"""It's similar to a sealed container collapsing when pressure drops."""
What could make the tanker car implode?,High understanding, anxious, deductive,"""The tanker imploded because steam condensed, lowering internal pressure."""
What could make the tanker car implode?,High understanding, anxious, deductive,"""A rapid decrease in internal pressure caused external pressure to crush it."""
What could make the tanker car implode?,High understanding, bored, deductive,"""Condensation reduced internal pressure, leading to implosion."""
What could make the tanker car implode?,High understanding, bored, deductive,"""The tanker collapsed due to external pressure exceeding internal pressure."""
What could make the tanker car implode?,High understanding, fed up, deductive,"""Steam condensed inside, pressure dropped, tanker imploded; can we stop?"""
What could make the tanker car implode?,High understanding, fed up, deductive,"""It imploded because internal pressure was too low."""
What could make the tanker car implode?,High understanding, fatigued, deductive,"""Condensing steam caused pressure drop, tanker collapsed; I'm tired."""
What could make the tanker car implode?,High understanding, fatigued, deductive,"""External pressure crushed it after internal pressure decreased."""
What could make the tanker car implode?,High understanding, distressed, deductive,"""I know it imploded due to pressure change from condensation; this is stressful."""
What could make the tanker car implode?,High understanding, distressed, deductive,"""The tanker collapsed because internal steam turned to water, reducing pressure."""
What could make the tanker car implode?,High understanding, engaged, deductive,"""When steam inside condensed, internal pressure dropped, causing implosion."""
What could make the tanker car implode?,High understanding, engaged, deductive,"""The sudden vacuum inside led external pressure to crush the tanker."""
What could make the tanker car implode?,High understanding, anxious, inductive,"""I've seen demonstrations where cans crush when steam condenses; same here."""
What could make the tanker car implode?,High understanding, anxious, inductive,"""The tanker imploded like a can cooled after boiling water inside."""
What could make the tanker car implode?,High understanding, bored, inductive,"""Objects implode when internal steam condenses; tanker did the same."""
What could make the tanker car implode?,High understanding, bored, inductive,"""It's like the classic can-crushing experiment but on a larger scale."""
What could make the tanker car implode?,High understanding, fed up, inductive,"""Seen it before; steam condenses, pressure drops, tanker implodes."""
What could make the tanker car implode?,High understanding, fed up, inductive,"""It's the same as crushing a can with pressure difference; can we move on?"""
What could make the tanker car implode?,High understanding, fatigued, inductive,"""Tanker imploded like cans do when steam inside condenses; I'm tired."""
What could make the tanker car implode?,High understanding, fatigued, inductive,"""When internal pressure drops suddenly, objects collapse."""
What could make the tanker car implode?,High understanding, distressed, inductive,"""I understand it's due to pressure changes from steam condensing, but it's hard."""
What could make the tanker car implode?,High understanding, distressed, inductive,"""The tanker imploded like cans in experiments; this is confusing."""
What could make the tanker car implode?,High understanding, engaged, inductive,"""Observing similar experiments, the tanker imploded due to internal pressure drop."""
What could make the tanker car implode?,High understanding, engaged, inductive,"""Steam condensation led to vacuum inside, causing implosion like in demos."""
What could make the tanker car implode?,High understanding, anxious, analogical,"""The tanker is like a giant soda can crushed when cooled suddenly."""
What could make the tanker car implode?,High understanding, anxious, analogical,"""It's similar to a can imploding after steam condenses inside."""
What could make the tanker car implode?,High understanding, bored, analogical,"""It's like the can-crushing experiment but with a tanker."""
What could make the tanker car implode?,High understanding, bored, analogical,"""The tanker imploded like a bottle collapsing under vacuum."""
What could make the tanker car implode?,High understanding, fed up, analogical,"""It's just like crushing a can with pressure; let's finish this."""
What could make the tanker car implode?,High understanding, fed up, analogical,"""The tanker collapsed like any container with low internal pressure."""
What could make the tanker car implode?,High understanding, fatigued, analogical,"""Think of the tanker as a big can imploding; I'm tired."""
What could make the tanker car implode?,High understanding, fatigued, analogical,"""It's like a vacuum-sealed bag shrinking when air is removed."""
What could make the tanker car implode?,High understanding, distressed, analogical,"""The tanker acted like a can crushing under pressure; this is stressful."""
What could make the tanker car implode?,High understanding, distressed, analogical,"""It's similar to a container collapsing when steam inside condenses."""
What could make the tanker car implode?,High understanding, engaged, analogical,"""The tanker imploded like a can crushed after steam inside condenses."""
What could make the tanker car implode?,High understanding, engaged, analogical,"""It's like the classic physics demo but on a massive scale."""
